{
  "version": "2019.2",
  "applications": [],
  "platforms": [],
  "systems": [
    {
      "name": "fidelta_system",
      "platform": "/opt/xilinx/platforms/xilinx_u200_xdma_201830_2/xilinx_u200_xdma_201830_2.xpfm",
      "sysConfig": "config0_0",
      "applications": [
        {
          "name": "fidelta",
          "platform": "/opt/xilinx/platforms/xilinx_u200_xdma_201830_2/xilinx_u200_xdma_201830_2.xpfm",
          "sysConfig": "config0_0",
          "domain": "x86_0",
          "system": "fidelta_system"
        }
      ]
    }
  ],
  "others": []
}